date,Coquimbo,Valparaiso,Metropolitana_de_Santiago,Libertador_Gral__Bernardo_O_Higgins,Maule,Biobio,La_Araucania,Los_Rios
1989-02-01,0.71903267610039,0.117045454124545,0.0282718120705361,0,0.724667221561892,9.17294548227987,22.5958339686804,52.2680103760357
1998-10-01,0.0652156866940798,0,0.011493288230576,0,0.00896838599949232,2.08967420167508,14.7020868217177,45.1420413271093
2001-02-01,2.0300261408821,0.0479870128155045,0.00263422820092048,0,0.032163061547138,10.7683510615471,29.4650570857824,65.5710982290657
2008-11-01,0.622784313764058,0,0.0158724833979903,0,1.73416805499157,25.0835571744023,64.9016450248596,113.093488402453
2009-04-01,0.00806535949894026,0,0.00939597324436943,0,12.0807154738219,56.2334242203134,96.3642345117597,155.622235310478
2015-01-01,0.239366013790463,0.0256168829797247,0.365453019178779,0,0.0119217969213741,0.00117021275961653,0.00533130239505216,1.46281654122033
2016-03-01,1.41033986638744,0.173749999279253,0.0568959731764891,0,0.464600666811978,15.188883002035,28.3148590815676,42.0458656355392
2020-03-01,0.00345098039215681,0.000665584415584364,0,0,0.115565723793677,12.4626994680851,28.3109367859863,73.6408656330749
1988-12-01,3.60538562125971,7.68646102329692,5.76424497003423,1.35336434706295,5.67035774568316,29.8551263547641,61.4189413176723,105.088927537588
2015-12-01,0.272738561634388,0.283084417028087,0.688791948108115,0.410341083079345,0.513311147451178,20.0545943853213,71.4964813238232,103.072700465988
2009-09-01,5.38052287544154,46.0663960630243,124.178489729862,123.31043393039,114.079010006592,109.260226006204,109.588255900421,126.2610078856
2003-01-01,1.03658823550624,10.1323051986756,25.9863087770923,36.6756123661071,38.3963893713451,29.4429455000035,42.7123609126658,94.6454262006498
1989-03-01,0.358470588143355,1.1314123403281,0.680536914260545,4.73079069407527,17.153985021515,28.7535970642212,48.2753389199454,96.8724935319689
2000-11-01,4.09117647601791,13.613733766915,38.4891443600591,39.3993178728015,33.1526207142384,46.4723737100337,82.7037014928558,122.248733978863
2008-03-01,7.74122222830949,15.1817045606576,20.02199665332,17.0795503950858,8.8304409227038,14.2623670115136,34.1021249034958,81.1832685938793
2000-01-01,0.799379085076157,0.143084416444135,0.136979865610299,0.0854108526378639,2.48235441626556,14.5638098366598,34.5151713589903,51.9619122216868
2006-08-01,4.38775816847588,37.2749350283827,84.0598992885359,150.059844929303,229.260549358044,283.097506837642,272.243214138754,300.834508693804
1989-07-01,35.8743333264065,116.810032578258,142.731594348114,179.701565575415,220.705632677888,253.455132869964,278.503770013302,360.227855159947
1984-12-01,0.308771243058389,0.181542208248919,0.453523490271662,0.111348839089736,0.563818636110142,7.48089095734015,30.2052246874818,73.68771323862
2001-04-01,6.41362745375951,19.8462987217036,31.5362415729753,47.6907595996709,57.1830033288026,62.4178125236897,76.7760320069312,110.260142023249
1997-04-01,0.0456274508845572,4.57758116489579,16.543439591691,64.2844031119531,209.664700754074,342.14722713511,383.865598435994,441.436977120333
1997-03-01,4.11737908317762,5.6402922196725,11.761291940134,15.4206511887469,12.2917637412317,7.55726063143006,8.54847677910001,28.7000387842341
1982-12-01,0.844163397201672,0.174902596885895,4.41241610126457,4.23586046600122,2.21919301397689,1.72974069213663,2.8347905519456,17.6163953324005
1998-12-01,0.466764706165037,0.727873377855746,5.1491946401012,4.03051162962766,28.2174459441926,25.7892220949239,46.0561081013966,62.1228552357479
2007-10-01,1.56407189563988,0.968490259256214,2.67850670188465,3.7863100656532,17.8921547489436,47.3558909480876,108.896862083778,213.975465424609
1996-06-01,25.2337516247106,53.1238474598179,57.9478524403284,126.425116215196,176.911331062507,178.161163558351,171.833328229638,194.227041328292
2015-03-01,25.862888923694,5.89064935321448,6.85545300899211,6.0812558064165,6.59302829553105,1.94892287268576,10.0374562028861,61.4007621858779
1992-08-01,51.4885685903245,95.1558441775186,100.688422737506,150.273131851078,153.85497495299,149.704567670822,137.027943700484,178.806925071302
1998-01-01,0.319013070912873,0.000243506503182572,0.0101845638713981,0.00235658921012583,0.348011645747228,4.38079122750168,19.7184843483813,49.2486692928837
2006-03-01,0.127941176049363,0.0371915582543263,0.19901006821943,0.625457364251447,0.74248752201568,30.0431582555162,74.915392225604,132.3113825697
1985-03-01,6.16609804318743,14.5934740250761,15.9224497063848,20.0996589165325,27.5679450971315,53.2174136258186,84.630297150216,124.212997490737
2011-09-01,0.114169934216668,2.36409091264578,10.8890268616785,21.0063255647356,54.8534940506972,120.620951023508,185.052482819975,277.892467745207
1983-01-01,3.67824836720292,11.7443506421594,14.8971644131929,6.07404651922253,24.3792845397543,74.5720944277784,89.0197107267126,98.2435141620094
2010-03-01,0.000320261444141662,0.00222402597571929,0.0118624160828806,0.0530542632290559,0.0254575706609275,20.6517686088114,62.8661766778578,112.634612366827
1979-10-01,0.0186339869121321,0.558100646869703,10.8712751982396,14.5570077502912,11.2389018310237,51.0104987171895,121.420487422028,177.008294443135
2005-08-01,55.2860260901108,156.602970730175,262.204278037052,321.506883913972,370.539558842258,319.569627102385,309.239939414356,342.45344937741
1999-04-01,12.0542483849074,14.5142532564796,18.5064094248634,16.0727906984876,18.7313311250753,35.7172805952265,48.892041093052,68.9243927716593
1986-11-01,0.352732025248796,5.32113637282005,13.9668456340496,42.7499535154003,112.497113305598,179.713304337035,234.542010566613,270.261537537094
2020-01-01,3.2997973856209,2.00368506493506,6.9371476510067,6.15427906976744,7.87559068219633,19.5182247340425,35.9166184310739,63.3896253229974
2008-01-01,1.1479084994717,1.468555201226,1.74109060017255,0.0597209301625573,4.1814475910546,17.4152460213146,37.7085681352012,61.3734108779474
2003-04-01,1.21669934839862,1.35985389279577,2.28041946378555,2.83716279018757,13.043128102274,28.2168949557112,50.9749124269856,98.1225970117929
2016-01-01,1.8409607810717,4.54595780306097,10.9158221399224,12.8157674157342,13.0942678955351,16.9297606466893,30.3928484549889,44.2157622739018
2008-12-01,0.573006533858141,0.301948051300964,0.964563758484394,0.923906977786574,6.77751247878628,21.5967752461104,26.4064203895691,35.8805425974134
2002-06-01,79.20816345433,176.909561243924,222.308859421903,222.809007345983,214.477503866999,230.733264791205,230.747593178789,296.157377257828
2003-12-01,0.124627450943675,0.0663311692414346,4.46406038969305,5.91406201139786,15.3079533969949,40.1085173164276,92.9038155563715,159.285542451134
1994-03-01,0.217411765008191,1.39589285860201,6.86181208570081,9.01275969061047,15.7791680610567,33.6190292321621,57.5141736573149,70.8833720505392
2011-12-01,1.04390849688766,0.433636367251468,0.504077181970113,0.0204186047059159,2.66029118059882,2.10384973311212,12.6328255871236,43.7122739377872
2001-11-01,0.0413137253592996,0.476461040300571,5.4213758309328,8.00440308661886,21.4014974851378,53.9691954838469,86.9612566068349,119.94952199379
2016-11-01,2.36513724894403,4.41784091189794,5.97362415930069,6.39207751479491,15.1670049957547,26.6975465274238,62.4570677903256,97.5963952633762
1984-10-01,1.65305228790548,8.99303569857563,31.8904529617937,52.5443410474201,102.298344324909,179.549301877935,272.127996544936,336.512118948214
2013-05-01,59.7753986807431,114.732581089069,134.130436340434,185.615612733826,234.374500877647,288.971342847702,289.062543882093,380.996731149442
2018-11-01,1.05261437987872,2.50051947947979,10.8497986432365,21.8314728572387,54.0580283560094,106.914740729839,144.556915364552,197.289147261193
2002-04-01,6.14421568772956,8.39287334581075,16.2870469883384,25.9549147383187,50.3374126088401,97.1866822293464,137.298133998269,193.081162957874
1999-01-01,3.67290849150006,5.14087665298736,8.21802011254125,2.32987596557815,7.7885191339392,13.0118683562317,25.7768468922181,38.4185529802505
2019-05-01,11.182339870248,24.8092532513978,45.9258052870731,91.0927131475404,201.740840137501,261.041602023104,252.163982946275,298.521356370714
1990-04-01,6.38184967596157,9.28613635429556,22.8049328901536,30.3546977139259,85.634001635077,115.60101066498,151.056283324707,238.918384916715
2012-03-01,0.164483659254277,1.31587662155946,0.656241613046435,0.0110697673734768,1.18465890395711,22.6681848188387,52.9693602549603,64.1932429133768
1982-06-01,101.622411734762,353.764025700557,524.592667138017,615.003363841449,545.903153214796,443.725245465624,436.893663009795,472.644483876783
2003-08-01,3.09984313791703,10.6508766117373,9.5222986530225,21.8320464984391,55.8765973291064,98.0383709859341,137.503099687029,199.140671555078
1995-07-01,17.0979803989818,74.7762337195409,125.730050354196,245.9079534368,369.491497655478,375.110911105541,379.077958698955,396.915399832319
1999-06-01,16.6334248431794,50.260194855851,89.8121476493426,179.73452703195,304.88530812446,388.672240531191,408.603092376639,446.848423723719
1989-08-01,69.3609869639079,112.755892759794,199.110402856097,263.945876436455,260.532687360157,232.132945775986,240.407342037715,328.267596616918
1990-06-01,3.93434640393879,15.8217370094998,25.4016443006944,24.2463100575661,58.5397754009075,135.80695486576,226.833785243735,291.484327666211
2018-02-01,2.29345097637011,0.473230523178233,2.20317114333641,4.8353333432083,11.3988186513723,16.5202127688743,25.8814470609998,30.6770025642651
2000-10-01,1.57041829818726,13.2156493724082,15.5102516620751,13.49789145143,16.6539600666073,48.2538364364746,86.5720792539412,157.11834621183
2005-02-01,1.13789542349774,0.137678570682546,0.500453021411703,0.00305426351783812,0,0.436575796405606,3.37271896520912,6.84298449833649
2005-12-01,0.0112091504670436,0.00336038950201753,2.08409395883947,2.24975193901811,29.9967471181652,56.8809242121717,62.576488993137,67.6721963118521
1985-11-01,0.110228757985131,1.90873376642922,10.02058724679,15.173519406254,31.3560066427447,65.167047939402,86.3436556610549,120.305271148682
2015-07-01,41.5970326859967,72.4830357594924,125.567953109741,203.597302541807,312.226780261454,369.045837595108,378.380274113861,510.127261731052
2001-06-01,0.192379084247731,3.26275974467953,21.7002684490243,57.1062635525252,146.451089893919,278.215020037712,355.092726243332,439.501369624175
1993-09-01,7.00052941183687,13.2506818107583,25.8913422930961,25.2128372440967,30.3313477488603,48.3875731635601,68.2682711171995,97.4797028386316
2017-04-01,0.652686273765574,7.64766230130592,38.1025334945411,54.9472402971844,61.5337436996561,71.245744717882,110.455536937496,174.955452172331
2008-10-01,0.528483659294403,0.273993506398681,4.51624163047679,8.35657363330671,12.0175124886082,35.0180319604722,56.6271820140993,90.7136951466247
2017-02-01,4.44050980394864,5.57404220805733,14.6737583999166,14.8102790918461,13.7531863641871,31.6418816512252,71.6128711874759,121.597545352709
1996-09-01,6.13911764424026,7.1522077846873,9.4061912744331,10.3731627910434,17.6035856934831,42.5567752560402,78.1001981661144,110.465167846483
2009-12-01,0.0222875819608472,0.000405844155844156,0.278825502986426,0.0253643409399561,1.80765390814516,22.3781383326872,75.054470674554,151.999896421605
1992-02-01,3.67160785188959,4.32587662917356,11.1814932976693,15.6117984587832,20.0532612064714,27.746469424126,42.5708682081305,67.1467313544695
2013-11-01,4.78873203050321,4.01663961675163,3.60021812083112,2.22537984575412,6.56390182396239,31.9590758188291,73.836199502589,129.497739018088
1995-03-01,0.113045751460481,0.257061689505475,0.127516778601621,0.591767440233813,1.21181364986308,29.5352659494656,56.3506169213835,77.1516537407572
2007-12-01,0.729228758561163,3.47237012912701,6.32704698284088,2.00235658543285,7.1460648880227,29.8711037585076,48.4565041048874,78.0913436061652
2007-02-01,3.05090849518021,10.1180357257352,21.877567115246,30.522372171121,47.0660981481365,59.1014428696734,54.6808682374162,60.8137726278576
1993-12-01,0.272333332862145,3.23298701851979,11.7485066862314,27.2973953616712,50.0527370305307,56.3294414573527,111.395552060664,144.260426582908
1990-10-01,2.68744444485048,14.8778733671099,21.6215939321774,25.8727597199669,33.6958402698726,55.3739893309614,90.915536985085,147.297416125157
1999-09-01,45.5145947248718,100.637759858912,139.831896071466,194.295457541296,245.921380917363,236.561376262218,241.084463254605,262.469844827972
2004-04-01,22.7617973943819,46.0150323626283,62.8623658290645,104.972759518882,172.981039866036,211.342579948141,280.897494366218,407.5138768238
2000-06-01,112.032843069937,307.366314603137,481.12971509383,645.515751612464,759.177712438904,702.434707012582,661.211202884392,717.735672706781
2006-07-01,102.704503314324,243.134204542482,329.392834989817,364.786077431376,380.857787070377,413.91982728877,406.546633694976,499.88574979718
1979-11-01,0.152150327440814,9.55896106610897,41.7979866687408,68.4668216779251,105.529059928983,145.963956234303,164.355689188949,190.984354280378
2006-01-01,3.57309803785208,3.36277597373376,5.73295300882685,0.453162792039125,11.6797587443577,37.4241489349528,91.3343183135405,172.727571029072
2001-09-01,17.4309411845614,18.6069643079551,15.0462248150772,23.57817055717,25.4133693810906,38.8846210222295,59.135978588328,107.829987070049
1997-07-01,34.2065294475337,59.7649350344361,70.2705367955585,122.32141099087,180.806089937588,254.902998716273,390.992695886128,529.974159102723
2019-04-01,5.91307190177,8.77769480746046,6.95385905178639,7.04727132077827,8.87554907276855,18.7884042432254,46.4839756437957,106.383875997184
2013-09-01,1.7691568644413,8.41550325842381,37.9127852253666,45.0719689420951,85.9396423547716,135.746449506029,170.227623959125,259.034353842723
2006-02-01,6.53739214219956,3.9114448107392,7.28966443442846,7.0805271339971,11.7200998445716,15.5966023950976,33.1317440535581,48.1381266653076
1988-05-01,3.14120262236474,2.96506493190279,10.8689261706883,23.3588992683,67.2075956220833,103.987021096209,110.830936821199,147.251446977758
2008-07-01,30.8868627187084,67.6659415960312,75.9452853946878,131.103333536784,206.069617133371,308.159554329324,370.699321993779,515.97583977751
2002-03-01,1.31205882367745,9.01199675661621,12.5202852378431,29.3769923084466,120.568951654355,155.566735140821,168.984386865365,226.308359249618
2011-01-01,1.16446404918127,3.10771102472148,7.69102350217384,6.43705427303852,25.6366805236867,53.9200531732529,80.6099695334976,107.425051780326
1992-04-01,26.415568620395,48.4856168883187,84.9381543965948,83.5633644192718,107.380840196784,159.531137060612,183.240251475768,229.846576503389
2010-09-01,23.0745882383456,29.5036201225049,19.1739429356312,22.7357054412943,17.2619467559542,26.518271260122,51.8202437686266,90.3103101271992
1992-11-01,8.73059477276272,14.6258765935124,23.0589932731334,27.4005581168241,30.9702495830428,26.6936104120092,52.8295658537203,75.8931265591959
1999-07-01,2.49533987311172,15.1884415730919,32.5428188384179,55.1709921223249,92.3886772860306,123.950485297974,139.987479039212,215.803191271247
1982-03-01,9.11508497191118,18.1059090827967,24.802986600655,24.9510077587394,28.0173544024866,38.4837765687324,62.6061158082182,104.438061918707
2009-07-01,16.2472222238779,23.0890746704944,30.53342281972,75.0458606217259,167.721322686422,167.025738147979,172.006496693828,201.3716668023
2001-08-01,48.5971699334438,87.9313798817721,129.439748373608,191.928759777454,236.740981484412,234.429069245115,199.708484158658,252.339883888107
2004-07-01,66.3933006811765,93.4854707346334,99.273993216905,178.213178412859,261.443352900805,312.939594542727,315.919207838048,334.110723470841
1996-10-01,4.6127320250825,6.58032468461746,14.9713255132505,22.1232868582703,29.7920133406033,43.5636302695629,82.5047980916473,131.455077292075
2019-01-01,2.16419607815059,1.10743506227971,3.04612416347439,4.79491472576073,15.1831447433869,38.651017314259,41.3813861329775,37.4152196987655
1994-02-01,2.04826143894077,1.23248376686719,2.65815435969677,1.16283721051128,5.98784525842466,13.3926861591246,22.0555445410379,55.7541473127459
1990-12-01,0.367908496237999,1.88535713960792,14.2936745300708,13.6236279234059,20.4142595418108,13.7150864461239,38.0205559035975,78.4450904737763
2008-08-01,69.1218431570951,126.562808544605,182.500369014356,243.503612275826,246.08733764623,332.292207352659,462.682863687252,551.566808498491
2019-11-01,0.0115882352931924,0.0308279222869254,1.81067113830214,4.30713179624358,7.17747087937822,27.6681582591635,66.5451256199275,133.271809131908
1991-09-01,25.9875882214921,63.8830681156802,102.680637551634,110.554155187089,123.933585565221,146.089301718042,172.191744099114,245.594379947475
2003-10-01,0.00913725496190631,1.01962662148652,5.64171141210393,16.6489302417105,62.73907657947,103.957167526509,124.068621479276,161.43408264239
2004-08-01,46.1694379139692,77.8592045895465,68.1222146805501,93.2616432781367,93.7683444015198,122.663517307728,141.129352781669,215.632906625437
2013-12-01,0.632294116004863,0.732256495841331,2.16135905626474,1.42378294762484,0.536896838715142,2.37817819419,13.3945316017477,39.9471964934692
2017-01-01,1.20200653461119,0.607418831504349,1.06052014064169,1.12601550439474,4.04841930618953,18.5676994773936,40.5517289219062,99.8719894497894
2017-05-01,137.975549003501,127.865016287023,118.529479986869,156.639922575248,140.208668970625,167.463038419155,172.492566744244,270.706601993058
1995-11-01,1.39531372434344,0.825990254639999,1.83860738051668,2.91130231997763,4.74054907949118,11.5247207401281,26.3747753356126,76.9869379664576
1980-05-01,8.10371894883174,73.7585065984107,167.818255264487,274.686837957811,399.957212717878,556.559461248682,576.974462992893,569.967635280402
1988-07-01,15.8986404984009,56.9630843137766,85.3569296766448,132.75331771614,203.911663905951,245.970957431387,187.349215685459,180.276744211675
2019-03-01,0.301111110125735,2.63392857619404,3.35785235172363,3.28506977107636,1.77950915392061,17.9420412276733,37.669306949723,62.0757363353897
1993-03-01,0.163215687090616,4.87012976127398e-05,0,0.000558139557062193,2.74970049150877,44.2334973244591,90.510555947181,233.984147113731
2005-10-01,7.9130718888508,17.3396753058708,23.3562416103512,31.0168837066769,27.8197587623374,38.0032912391297,52.998149300929,83.7653230770614
1991-07-01,61.1222483700397,117.06412343855,192.35790297489,226.575922494341,249.891630556738,278.642699008292,310.070678036901,355.509469951462
2014-07-01,7.56681699338399,31.8215422604668,65.903741786944,112.247054225715,202.997370889699,346.937353783465,349.478621274392,416.007106574007
2018-01-01,2.54989542289229,2.8417207621425,6.00555370139246,1.59302325877975,6.07733776627384,23.3109907263771,42.3490403587366,77.757080275267
1985-10-01,8.29855556380174,13.2952110776043,51.7084899574718,79.6457518703254,131.106106515335,149.148776483028,134.403884315345,133.231847679276
1991-08-01,7.04863398990965,14.4310551735621,15.2396979741408,26.6371783167817,45.2887354020073,94.7814228712244,145.557859634318,243.60638252278
1980-11-01,4.05750326533723,2.80857143087869,8.70317111104952,16.8508216984512,38.2291597248909,63.0903988746887,96.2642573918083,161.732493713537
1983-12-01,0.540071895374046,0,0.0211409398623361,0.68936434184858,4.58958403877728,7.30511968230155,28.036983980083,40.0916537499243
1981-02-01,6.15687582581578,10.8027435018887,9.32167783462061,3.61172092481004,6.31918469945375,19.8386901689971,23.6240898743896,38.5133591733238
1981-04-01,2.57169280672458,8.39474026174224,26.9392449765547,61.0755968759226,95.630765457915,120.816735445185,132.271241611501,159.118436640855
1982-01-01,1.48317646961294,0.697175326212854,0.56768456279869,0.757441859793409,10.5688186301455,58.0120678563067,79.1251181248754,141.020167989016
1996-04-01,21.9092222075447,26.3897565142675,32.5661913116506,38.4673333589421,46.4704658187765,86.1848603702606,111.626808698179,152.552635528012
1997-01-01,1.87820914926653,2.42233766239838,4.27223155470002,3.07055812897377,10.7017387567699,30.4247273716759,80.4275171202916,145.360077604151
2004-09-01,11.1693986933593,31.6545129085516,66.994312055959,95.7569767619288,129.030915239686,133.913517170764,142.264067261254,198.327739045293
2012-01-01,4.66554247903595,6.13517858055057,11.1684228448641,4.68705425684362,5.59069052416701,39.5300332529748,76.7191851006513,148.542622775686
1994-04-01,1.36864705821317,25.882905874353,59.6722147736773,86.967442085207,129.120790433963,210.32617682599,199.555163671838,247.006550209775
2012-12-01,2.22583006581693,19.0376623265155,48.0240604157416,88.8579379946686,144.056364408547,187.234135506001,253.288918732689,387.554703015074
1983-11-01,0.383189543801682,0.1305844161853,0.229211409857509,0.594403102647426,1.87168053126338,2.3011768639801,5.29490479684498,17.2667312923944
1980-12-01,1.07422222443217,2.79264609786597,7.30045302712277,9.52643412078998,31.0465225149907,88.3173803687096,142.430571109397,159.484896775672
2000-12-01,0.49508496797674,0.0387824675697204,0.439312079599465,0.17567441820694,11.5558402608838,44.1446807990049,84.8141737064149,143.562997196996
1997-02-01,0.879542482907281,0.328961040292467,2.77414429920332,3.35452712857446,15.1520881988046,33.032898930159,35.746367105163,59.5429457312098
2020-04-01,0.556084967320259,4.66470779220778,16.0337751677852,19.7957519379845,37.3485108153078,66.7642752659574,73.8132901751713,140.076757105943
2001-07-01,91.2225033712932,245.583197903323,344.106543547355,459.347767840245,577.71826121097,607.540485341498,538.369984936914,545.625671229005
2010-05-01,67.8973725960925,45.5062825370145,56.3011409596309,70.8557674319245,79.1725041045127,80.9740226218041,100.557502087072,155.09090447241
2005-09-01,21.0895620726292,31.1226623151209,43.1961745099733,48.9373022626537,48.7373877079435,58.0848669777525,84.3647067178231,109.096873374564
1989-10-01,0.000718954263948927,0.341152598815305,6.86929530822891,17.0383100912552,30.0123876993747,50.5609108754929,75.1817440721522,103.414237783861
2010-06-01,47.3870653665144,103.654269428996,132.875067064426,207.66324020504,256.303543941352,323.545418475537,352.860403765455,458.508707662577
2016-07-01,47.0058627879698,99.8068179960375,137.988372265092,213.601643265125,227.318735487648,280.046795134849,289.689908529545,292.828023294454
1996-11-01,0.025444444410162,0.101785714895307,0.971661072577531,7.4302790905154,27.0531614076675,54.3760239722881,71.6867554934081,118.993074757184
1985-12-01,0.10691503253735,0.0505844156814183,0.582483221861165,0.256186043303604,1.02891014830617,2.036243346173,12.4431530999677,50.1772997582606
1986-03-01,0.0943071897086852,0.131477272355711,0.735872481293326,5.41558139194814,26.5509983132564,66.5156383425631,84.0953084883214,127.963992466298
1989-04-01,8.94712418452076,7.3748214347409,17.3406879174829,15.1180464717769,4.0632529091121,8.40732713776115,37.3928483927059,112.070697947066
2018-04-01,0.792993463773061,0.92668831356281,13.1487416093982,24.4216589521068,80.9553410503114,136.480086476245,185.776047258457,256.040322749806
2018-09-01,2.29636601269781,26.8535552798928,79.456610762833,110.891984558105,193.043801817045,242.892686610526,253.34603953307,292.924587121614
2017-08-01,18.8339542448667,50.5333441598462,80.2882885044853,166.62404627837,244.180041397272,350.613882967766,358.73345756676,487.918681339392
2009-05-01,5.20057516737774,9.12967532680842,35.3385906299489,90.8710234087567,174.265540879895,317.021283545393,370.562216172578,484.006200765763
2016-05-01,35.1235751488629,45.5666558788968,76.9460066948961,100.714759862146,98.0551581327213,106.415751421705,100.239999880068,89.530930196284
2004-01-01,2.46373856135711,3.58741884241969,4.26102349059281,3.84725581205399,2.35476705820273,2.18964095581372,9.36399846901353,26.5921705494555
2017-12-01,0.236287580323375,0.0904220775035875,1.79453020246899,6.81803100959275,2.52039101947186,14.7535372256163,51.4980882759414,117.231446850207
2014-05-01,2.48494117769224,22.2330032276086,59.9841441204084,134.375286522207,174.540865341161,196.509109324597,250.971477546314,353.532545025651
2010-10-01,1.93939869734124,12.844691597022,20.2373993244747,30.9545891591745,49.3450165651801,67.326828418894,112.109908534658,156.815762236445
1983-08-01,70.0873921070224,102.761704587317,99.9135234947973,141.555224928745,176.97442604103,212.224660706013,204.448423328966,273.193268985403
1983-10-01,0.250575162307207,0.528814937329742,7.69825502700054,9.62713178460912,11.910773699722,46.6061502374867,97.9564736984381,134.93684747484
2020-02-01,0.179215686274509,0.00370129870129866,0.0320637583892613,0.0176279069767438,0.200482529118136,10.1085039893617,29.001987814166,55.8388888888888
2016-08-01,0.230222222682551,1.69568181502355,19.5474329087508,35.6973178950853,67.8501413891994,154.264195576627,251.829885911324,336.484625606882
2009-03-01,0.324209150877702,1.71099025910938,2.49823825661368,0.13254263558129,0.279159734812805,14.4815691301916,34.9883320271651,76.7485012823297
1990-11-01,0.138209149982853,0.256038961315213,6.47441275121219,16.8685426035593,32.3721963534141,52.4276861789379,63.7840822790746,105.260633143344
1979-01-01,2.6419477137037,0.587061688573063,2.44711409372609,1.60899224926739,3.73621464099971,17.8596343045381,25.2129398252977,45.5964469934311
2004-06-01,10.9456274484972,43.9632630735249,65.7376340571666,115.460449408006,201.536064846147,338.084275458721,434.232932155403,572.972764678088
1998-03-01,7.87795424071914,5.86996753378348,7.26810403073194,1.61460464919607,3.83861896879785,17.9910438888251,34.2625361563863,76.3625063933143
1994-06-01,15.8253594762372,35.369594164483,72.2860907772243,157.23341085153,273.706996676529,341.443171460578,363.372543648736,412.359677336937
1995-10-01,1.0278300649176,4.17167206858466,12.6575335923664,31.8725270966227,51.6952496368357,87.8165558424402,134.809413540935,183.955749363862
1982-07-01,64.1508954397214,128.587143142502,219.510403063473,283.408837287371,370.157437646647,444.839115822569,461.643975762674,484.394405157991
1998-11-01,0.00444444441327862,0,0.269882550363073,0.04759689907926,0.515316141326098,22.6078590506569,37.1784082021953,61.9025580975436
2014-03-01,2.23720261467365,5.08209415435392,5.40308725090085,15.0252093448195,31.2800166809222,78.8543882826541,128.113099669829,172.223449588746
1988-01-01,0.59835294254392,0.0455681821210431,0.298909395686257,0.287953486507253,3.03189683881915,34.6016423185455,58.1585834166156,88.5926356352577
1997-08-01,147.162908506705,159.747824780353,170.86296980173,207.316340838292,200.595757279737,155.406702092353,187.106938329437,247.073281714467
1984-02-01,3.08474508730049,0.0332954545783532,0.139261744682046,0.338139533185104,9.44567387331798,55.2563563471145,85.3908681353811,132.428682406127
2005-04-01,5.91765359246653,5.4817694812747,13.9877181481195,14.9003876061403,9.64888518728539,28.5823071548279,52.8593298134146,118.285245466602
1988-03-01,0.131320261448817,4.50904221281216,9.85392616412309,22.8324340872062,44.4539850428576,70.851595692178,104.179063243532,143.416925208513
2007-11-01,1.71789542141011,3.43212661860728,7.09196307965173,8.61733334009037,10.5874542566187,12.1092154237026,34.7056283180893,70.6285917149034
1985-08-01,7.2748627543839,0.689025975667037,4.75983221106381,10.621100800444,29.2187354296892,75.9500664992535,139.259870588734,191.193217127206
1983-03-01,0.309477123860392,0.599107142229407,1.8367449709108,2.00280619883953,2.68460898395138,5.63220744803944,28.5344935523946,84.4641602686209
1981-11-01,0.845013070648256,1.70016233954736,4.55812081238942,7.82683721757674,17.3917720575698,17.2614694136056,40.9853998761275,82.916498677059
1999-08-01,30.2718169474573,105.490519399767,129.266107572005,179.001379926815,232.059043217816,283.43501329422,298.656991579473,398.94453534661
2004-10-01,4.08180392034522,8.85629869849941,28.076476483337,39.1446666880171,78.2314725025323,140.591569129457,200.009817258511,259.693992555603
1981-07-01,13.4698235254954,29.8358116917215,51.4744966542161,87.5374419160592,173.826189812329,265.873510670155,274.861569058142,325.005051999745
2004-05-01,4.06026797236546,14.4434253266444,19.8078355591169,36.5378605036773,38.6472961930388,38.2341954632008,25.6006168974145,33.4247803145909
2015-04-01,0.292143790924228,0.0804058437223558,0.378087247471831,6.03803100481976,20.1714642290367,43.4005784696721,83.1205103293867,148.935749325025
1995-12-01,5.2888496778601,2.67076299624977,5.53766778276471,1.36193797951059,0.178560730575052,0.183131649688956,0.146976389859073,4.67135659912577
1987-02-01,8.210614382181,6.86887987371377,8.50246646245879,5.12922479409811,13.8638269594822,23.0732114364175,29.1356587856668,41.0716925012357
1992-12-01,0.191509802030777,0.0179870130324906,0.58488255084161,0.545085269463963,11.5437520807872,69.3697540512744,115.807806635302,169.197312465934
1996-05-01,0.396065360229779,6.26443183544551,11.6687248429696,31.6376123857129,71.0019466444577,123.433297913125,166.508560436333,232.606834746762
1996-01-01,3.81656207433518,2.20970778743277,4.19085570308536,2.9279069695073,8.72695507439854,10.2172340401151,32.1705102784345,53.9775970049915
1981-03-01,0.196006535909145,1.36249999750357,2.23907718200849,3.20672868707383,19.7339600654638,50.9952393503899,84.2051638845079,142.798940402285
2019-07-01,3.37980392165239,9.98913962814908,21.2030704963277,37.600418618668,76.7168634830418,199.795911007739,345.452879331172,461.961201985677
2000-03-01,0.0439411763028771,0,0.109412751854366,0.0493333335532699,2.12713810063886,20.5875066458941,67.9808682178779,106.688126738989
1993-06-01,5.98382353673573,47.8601136408843,122.354664444123,278.805860747108,432.241314384981,464.930066433359,453.622596874368,519.147778217799
2000-05-01,26.9820523121778,34.4024025464987,31.136124163666,37.2153023461039,65.5700582259903,83.0917619897964,119.91287136441,167.040555554767
2003-05-01,64.7466535995209,82.7861851097701,95.7572650781414,126.049193697197,132.991073164091,103.041549294553,89.2998019041946,140.375710573615
1984-03-01,17.0936143816881,13.1238311801057,23.0298993271469,24.9615813783897,24.5695341285969,37.2121143962475,53.1905788267648,73.6798319902839
2014-12-01,0.153764705005668,1.83162338244305,7.19506712115663,10.9086201614188,31.4363977103781,29.180458739717,36.1882330563263,60.5837856102975
1983-02-01,5.40155555986574,2.37042207724729,6.63275167686027,4.52007751626851,4.01331946819388,3.57067819096103,5.40200304699053,20.3295995020127
2010-01-01,4.29415686041165,1.11647727640418,1.06949664721415,0.166728682512807,6.05140598901794,15.9832047978614,33.2756816336696,71.4555167757571
2017-03-01,0.0364183008402976,0.177970778729234,3.02855704406326,11.853612389352,27.7734692160183,41.5586967950172,74.01296275096,94.5716021190318
1990-05-01,2.70839216060742,16.0025162353579,37.5189932992794,61.8280930334283,104.45679702378,177.41678187695,288.381081684981,384.890645640765
2008-09-01,12.3791241858909,9.89509739812657,13.2584563574047,23.0118759177452,52.9635358483541,70.5895278656736,65.3884386947295,71.005994905181
2009-08-01,45.8792548224184,107.558344221734,139.102046864145,182.326713349098,220.011705541373,309.46315155638,423.852185972029,566.538165858858
1986-04-01,4.19034640887277,33.3028571128652,65.0215940107435,127.274666613202,206.586680540824,198.599514570642,204.901150025762,302.421137235577
1995-01-01,11.4013921487176,10.8668019446006,5.99006710653412,0.583596894500214,0.769400999899923,7.77553191412726,42.6895658675715,91.7352584326298
1995-06-01,12.3239150206199,66.4181168419974,144.127148007386,246.924697627578,339.373086862675,402.382632975883,486.316412850908,527.852687707551
2001-10-01,7.02118300488158,6.19159090402838,8.94756707364081,10.692914726487,19.1528951788504,32.7667486883224,40.0107311799339,64.3412790249176
2012-02-01,3.78472549245248,1.55043831646031,2.03914429083617,8.05203099368617,47.5913310788832,125.714920234173,145.914455175581,222.286796096683
2005-07-01,10.319215679081,38.1064123629725,62.4620469775076,128.679798386448,220.287936808861,264.149408178127,252.755910299611,296.664457473952
1979-05-01,1.03909804036999,18.6092857043077,50.1871476317412,104.451550287054,143.914334238468,219.729235486781,279.409718068247,438.005116070888
2005-03-01,15.3475293940031,20.6447402385922,29.502952991716,20.714015457242,18.370782030204,41.8922473306352,74.7314471544787,140.044160364826
2007-06-01,69.8767712462182,114.474723791147,139.11145978326,155.661162726824,149.023776938237,173.197559899472,235.419634264839,272.701369204262
1986-08-01,35.5139869502946,65.0096590611842,126.373791861054,185.69327170202,203.904117946022,240.476987980782,276.456679042749,366.740619925566
1992-07-01,21.1149084766316,19.6722402681004,36.7116611495914,67.9503567215084,103.175099755286,128.53759966759,164.341949666264,187.44175692615
1999-03-01,9.74470587249821,14.3466234021373,14.2479362505794,13.4695658824241,15.6956988606794,24.7899534020652,59.6133586683077,112.19471566252
1997-10-01,41.5285294083805,71.7537011728658,92.2340266144516,152.134418552606,213.066272830804,202.529813588934,231.054006118949,268.786938176907
2012-04-01,14.5015751736226,15.7287175368953,27.3419966029641,29.8259069827176,27.4072462477025,21.978703462063,51.0944402308657,97.4104262901523
2018-12-01,0.862222222180343,3.73779221189317,9.46812079817169,4.59040310265309,7.16955906552063,32.4940691744076,53.8976846275126,86.9542635639201
2012-05-01,22.8076862742893,73.5202759256611,108.912701478741,160.620527270413,228.10191354101,256.836196767523,273.488484553318,360.016601720214
2012-09-01,2.63310457292847,5.46331168203191,3.79921140940547,4.87640309554431,11.6566971735084,39.2914960615812,91.241340412044,140.012777786846
2007-08-01,16.101058830652,38.7482953853421,47.6346979549267,93.6942169071168,128.579234594513,156.887799156473,185.241104282864,217.690258489407
1984-04-01,1.57551634013166,4.36798701691744,20.4193791738093,22.212248048117,36.5325373992349,43.5685704743609,58.5446000676616,118.599173035733
2018-08-01,2.23147058991922,17.7254707704891,34.2410066751826,47.7790077800899,84.133976693558,143.225531826628,196.384500990183,328.763527231931
1992-01-01,1.02320915454743,0.175698052202775,0.216409394555044,0.00967441852702651,0.324284525952316,0.530492024134567,0.661546078404895,0.748126617493228
1993-07-01,22.7968627362275,52.0905519398776,77.3481207950003,109.109550529303,135.928635633726,239.987280404314,333.31090631071,401.892610278857
2017-09-01,6.94472548492448,18.2926460721276,37.6084396375106,58.3503100757451,96.1021463613145,108.626023804888,115.413625288627,146.092157782818
1993-10-01,2.1271568693038,5.60527597416144,18.2151006859877,25.8164961193883,55.7450666030909,93.5579853539771,123.34229248349,159.450982234275
1992-10-01,0.299281046468935,0.0833603896490939,6.32441275263668,9.64294572333957,17.3613310928353,80.4763762985772,159.521073822928,262.044160069113
1982-05-01,65.2423202358819,141.856525941329,180.885537230728,269.117674645712,351.735965354272,364.021662194678,359.333251569622,458.89727416519
2013-03-01,0.28205228844061,2.22858766456098,3.50092281560545,1.39412403876005,4.3662479145254,11.9770279115343,36.4933130345268,73.3239535151834
1986-10-01,7.55042484415683,6.56233765501771,21.6116107078207,25.4003720148243,37.2663727475085,58.9693950072248,89.5260167989854,108.032816362011
1994-10-01,1.45820915221048,5.78836039802084,19.0012416363563,24.0666821938152,49.6511147375313,99.3691820946146,165.572779813071,186.733733608433
1991-12-01,5.7694575251074,19.6326461135857,50.6703355296346,72.6225736277972,111.578835304882,115.341369646661,191.233937672414,290.679935100467
1980-03-01,0.352660131386293,0.0210551945764765,0.00620805364627166,0.65826356327811,9.5210815205854,24.0930651691049,56.5392459490239,124.3239018147
2013-06-01,10.2626666734592,38.2961850042467,54.5056544918342,91.1708837405656,130.348477558764,173.495359116412,206.756702100604,298.446330659457
1989-01-01,4.72775815602368,3.44615258520179,5.06401006807417,1.13669767172993,1.93679700995146,14.7668683605387,32.9585224474466,59.5642894207661
2008-02-01,1.90992156609503,2.1121103938929,7.04036912482057,2.9197829437175,6.42216305027618,15.4218484003919,39.6818431504156,41.4612662539618
2014-02-01,1.68885621159928,8.38985389594424,17.8030704519486,7.29517829805728,3.01593177929248,22.1861968265569,43.1574105715261,65.22801037229
1987-06-01,19.6597973506679,33.0531980790101,56.4313758731688,72.9969613097435,99.7585605900617,161.85085762308,239.637837197158,296.059418897604
1984-08-01,15.4141764559631,47.3214610159161,69.1680033530965,116.855860575595,116.704517374023,121.549235328715,118.166747933567,143.624845026691
1995-02-01,2.4407189669538,1.28017857645687,5.59968119829693,2.24482170753759,1.53600665648311,1.03489361469203,2.08116526891792,14.0112015435554
1990-01-01,0.31241830007167,0.781444805523066,5.03325502563193,4.9857674484134,4.63298669083667,13.8280717984159,26.8903883939832,73.6895219595857
1980-04-01,96.7181830001033,160.951801894547,227.8520129287,312.417581578927,343.409825228217,318.483723528842,290.288925879799,347.281550444374
2000-09-01,44.9609019754832,96.4569804730353,144.087231629647,247.164186167163,293.576406012359,269.708171220536,223.223929934709,241.217726517709
2004-03-01,9.72071894503692,19.2850162226271,29.7673322630409,50.2859845065331,63.8460981556262,78.9657579787234,92.246885033845,131.478979214217
2005-05-01,43.9910262039284,77.7115260037509,149.670587302854,298.822232789032,426.617005219674,489.735464897562,553.053343262277,669.556860280591
2001-05-01,23.2260653619088,62.9337336986096,131.381493293199,204.77874431758,295.138519083997,437.780844262306,398.722612414393,449.454792781702
2015-05-01,0.000189542478206111,0.588051951937861,3.65489932050266,10.4554573726284,45.7142928927988,159.279867091077,314.597532459733,437.577273721227
1981-10-01,0.714816993177911,2.26948052184209,8.44854027355065,15.5811938197114,33.7689351123105,69.5479254608459,84.5781188145541,116.212919772441
1990-09-01,18.3185751540063,47.3665097317138,82.4761579436744,106.972372105325,148.076306109817,228.465040125745,268.125498717193,299.287894000071
2010-02-01,0.924379084861892,0.360551948571433,0.446526842829365,0.131689922806135,16.4865557236687,71.4632846472111,94.3128712836423,152.137545287455
2013-07-01,11.8082352878319,22.5587824795927,26.1286241936204,81.7925580904465,175.185116461628,182.573763142241,190.569512558274,236.397364466073
1981-09-01,7.40260785013632,10.7014610473696,31.7891275330678,44.7134573781213,67.3545424021818,79.2566822006347,135.328027547995,237.384212070041
2009-10-01,0.39928758161666,3.52077922148799,20.891308747282,39.860387482754,85.5292680584849,152.249095693548,239.029931433766,312.009263524097
1985-06-01,4.10469280993383,22.02884741396,47.11043619352,101.343364254264,152.66176391957,211.933218093629,241.321279573695,374.651899884838
1993-08-01,19.8583267949424,26.1177272918549,29.9524328804656,40.4695969071499,98.1586107136604,198.582539954084,212.878872832903,210.846188705405
1991-06-01,136.212326870089,152.173587588521,172.21263423382,254.162666734799,264.259234537896,210.776748474608,194.162688424545,210.24205431088
2007-01-01,3.28035293327267,2.37780843591378,1.27746644338605,0.628573644294064,4.25208818939005,23.6039161932595,32.3860320376696,34.1944444345873
1994-05-01,6.00545751110718,41.9104220650413,73.6307046877458,118.014325654969,129.07525783926,149.801968138269,202.929878147703,359.840775502129
1994-12-01,0.0381437910051128,0.512451300470086,9.46614096026193,16.2335969370465,30.0927204696985,69.4413763563684,107.406877269295,147.675697523802
1987-07-01,270.437287294475,404.701655945221,475.463339274362,580.155519234118,568.889825474998,482.453962447795,421.022551502422,538.331640632886
2003-09-01,1.61890849599408,14.9704383063529,51.6557214812144,76.977906994487,98.9327038242892,168.108178184388,214.184356137441,299.089715588
2013-04-01,0.142111111104829,1.62952922227756,6.72354025601241,3.57748836066372,10.8068469187583,42.9416489414078,95.0519801544399,176.105374604849
1993-01-01,0.827882354135558,2.6187662388192,8.69407719928746,6.04756589345345,6.25306988989751,22.4373404324213,40.3250038304224,69.106472877877
1979-07-01,34.6307908482777,118.340422023426,170.614261672001,301.256558251196,482.199009201888,411.270877371443,356.070480067768,424.988333532052
1979-08-01,9.07337255013583,49.2703085394649,130.50362406481,200.21038749754,294.567553667776,378.102705671432,458.753077034177,645.763591914214
2000-07-01,35.0951895322675,26.6917045859547,45.1591945958618,58.596186092288,83.3725040597646,133.306369680039,194.558187570448,348.985839311467
1992-09-01,2.02528104695425,23.6108279011466,43.2606040455351,59.2184650628142,82.0905573300633,117.05051850258,182.654280146114,251.498811352161
2016-02-01,0.258039215220492,0.0967207788822374,0.132147650296906,0.00668217060120069,3.22605657027399,3.3356648981373,8.74428789363004,40.096589134029
1989-12-01,1.85327451418525,1.17907467133716,4.69060402578555,9.15894574319669,28.8057237986519,103.019581026219,202.140182913485,283.364871219763
2009-06-01,37.5586340105977,112.370421880251,142.681862415083,200.523876054158,266.329983246307,301.828803174039,275.033807828603,302.111123393056
2010-08-01,9.64309803278739,11.7042532407304,17.3164765067749,36.4411628342414,107.801680471258,207.56365688811,272.765742700697,350.371214637461
1991-04-01,8.6835424812888,31.5829383328363,62.8706207035372,95.7422635278036,112.644359325212,178.744275331497,205.106763079978,185.954780066044
2014-09-01,16.8632026046709,38.7996266313962,76.0147483812883,121.377813685218,153.784176425013,211.73562480541,250.302833069034,312.636240956703
1980-08-01,13.5634444491926,20.8063311546726,27.0544798822711,41.4363100155379,80.0768468971062,184.348025347324,269.600677728471,356.585296788573
1990-08-01,10.0532222396457,35.5706168413162,73.7273993236107,89.6844029862751,97.9237187856842,181.182240678909,216.656496255705,300.744922174656
2018-10-01,14.5456405433966,9.06365260118981,38.3367113230512,73.2098448346752,95.0937688465721,139.626615656183,163.596991696616,216.85704170641
1981-01-01,0.739941177093515,0.890519480444733,2.68803691090516,4.60902325076939,21.1080864819879,135.549235414951,184.820639715609,188.188436690535
1982-08-01,51.8697777675258,105.176444914434,151.821778764661,199.315162599549,225.375424332706,248.93447476245,280.006884781895,378.511550371037
1985-09-01,6.28145751742756,22.9388799295797,57.8979697995538,78.5953644124112,89.2718470251302,134.532799188127,160.452269793102,229.878255740617
1990-03-01,2.53083660073359,16.3732629789935,34.0683054179953,59.1348837475444,100.022612446358,113.082347101354,116.963214092734,157.908682111006
1992-05-01,39.585549039155,112.954253215294,204.049462632045,373.557270990416,534.356389050476,617.324713960607,481.4345777269,388.167778153136
1983-05-01,19.1975294037059,55.9739610591492,80.1205872561308,121.873658906212,162.240574111558,179.154082622934,193.299108803045,226.423592027768
1984-11-01,6.22360784271549,11.6606655965571,21.8191107229498,21.4929146788841,28.3555157936353,31.6955851051719,56.0544478016234,87.0984237779327
1993-04-01,24.5440719220763,62.0653083726957,96.3107550384214,132.053224915497,119.597396050832,152.769401519857,206.897532408599,293.196498742707
2010-04-01,0.969228757831445,2.44327922517966,5.70360740050423,6.73609303069669,8.24182196811908,16.4195079754721,39.2362985338587,82.2921318921624
2015-02-01,3.48356862365104,4.63670454624218,6.43716442514986,1.28812402974265,1.26876039744607,0.415013299170049,1.48162985590243,16.6554909578936
1999-10-01,14.0939738492755,22.1804545335472,30.9557383220468,27.8003720963648,30.6291181497685,27.1970678149386,41.7942574044175,61.3695220207983
1979-09-01,12.0417647151009,33.970292229544,77.7051006603561,156.477457280122,161.299858385235,158.965598360021,203.191759253311,252.733617629808
2019-02-01,1.05717647137133,0.492581169568486,2.50436241219395,0.489224809861576,2.80378536541734,11.9700465584768,20.8293678716949,31.649173115575
1994-07-01,50.7038038857233,94.4801946739098,178.957097386354,267.445875537488,358.470964936369,352.010705105802,344.558316686184,367.52024500253
2001-12-01,2.61426796868833,1.71587661850907,2.20494967349961,0.564992248157198,0.804692180018358,0.063710106125577,4.11437166348009,24.884961218797
1996-08-01,67.9396797653896,93.8028571745018,102.757348902273,149.087240293044,164.124043272656,236.835332500174,263.500799604708,344.017273461788
1988-02-01,2.554679735515,1.6479058512426,1.15270134119392,0.556170544377709,0.616023294936041,0.315405585237115,1.3732977930899,1.66945736770559
2012-08-01,32.7858758315931,64.3789935506784,59.0958389659856,108.010372167779,137.855416007526,160.114002785784,164.482833284144,273.316705452379
2009-01-01,4.272098042374,5.52417206187285,4.64060402582806,1.36365891185611,0.521797004482785,7.98287900041744,18.9306169143635,37.1113823710794
1998-09-01,2.85520260987767,20.990470756184,39.7265771123387,57.6328526371209,76.0389600807736,81.4039694603453,90.1816527198855,114.031447210977
1979-03-01,0.255490196878517,0.0206006493074699,0,0.0554883720338807,0.545324459704516,14.4356981356767,28.6965041937759,66.2322479144547
2011-06-01,96.5696143443288,103.452840910329,97.6612581726689,143.22719363427,210.29536623328,263.486455968086,274.985399663131,309.84436729096
1985-04-01,0.242261437269451,1.65928571909521,12.6211912582422,29.1007442001224,68.2420298573181,131.551901660067,191.344440265548,263.899301760572
2014-10-01,2.86377778378334,3.27868506738118,9.39196308573158,10.7474883784619,15.2082362773266,44.7946874886117,93.7344629690108,164.0555040325
2005-06-01,42.0112745105441,163.993749921972,296.626091221035,418.606635373138,441.010457741837,418.415345455738,423.445415104607,474.37272644043
1980-10-01,4.59246404591363,5.73626624105813,8.88337249187565,3.55015504431817,1.16390182936375,0.676276594837583,9.77311499357814,26.372777761415
2004-11-01,14.9974052429151,31.9500486990074,57.996627573999,60.6676433444947,63.5095675035245,98.6687965088702,123.030091226873,134.25533596305
1998-05-01,7.50397386576956,26.1180194898889,47.9389931896401,88.8923874374508,112.618252920827,138.199893758652,130.665582486899,183.604470344169
1982-02-01,0.89415032313954,0.36378246596591,0.757583889063298,2.45446511761163,13.127745434022,38.6273936394681,72.6224219052735,93.4116406650198
2014-08-01,10.6538758223353,44.577564957854,57.1055704107221,113.3990234375,177.620108060154,210.729295405936,203.740685404119,259.291860496659
2008-04-01,4.66344445305298,17.1400974009718,30.8506879212472,56.9524650810301,85.9527954000007,94.3431649334887,100.736603102789,155.020904412873
1991-02-01,0.232980390763507,0.0684090915027183,1.0199328912172,2.62747286674819,1.41506655522298,5.4676662248106,12.9231378368917,42.2542119543682
2007-04-01,4.00099346441479,2.67173701996443,17.1097315426966,18.4765426709324,38.7844425677856,129.375591777741,166.60939053189,226.40422474075
1996-03-01,0.0923267977446123,0.112711039710451,0.158557047211134,3.3399534955101,33.7867886436958,70.4472274234954,97.1694059204892,147.990684558563
1984-05-01,15.2981895462092,98.7628896159011,164.805905770935,283.928325564362,338.981373195045,563.842274584669,580.080975430119,463.383061943744
2017-10-01,2.51963398239508,24.5400487025837,43.9033892906752,62.832868147266,96.3137685296539,176.157460197489,232.400030584982,313.305749030692
1998-07-01,2.91551633941777,0.79576298739616,0.201493289349788,0.0129767440548239,17.102812000431,111.117553201128,138.221942242102,190.703242723332
1979-06-01,0.141156863513725,0,1.39716443087243,7.37855816338529,28.7979451003368,72.5019016494142,113.48870524503,179.94983230512
1991-01-01,0.643888889791237,0.800162338355387,3.28617449295426,6.11451164223254,16.6396921763008,23.7993949521729,28.4656892661729,51.0733463647138
2006-09-01,0.410431372077247,4.88173701392196,31.24966445844,53.4009923284368,80.8890099406441,112.09447456928,159.228575785652,194.759044272647
2007-07-01,25.744326830894,54.4447565016808,124.632315130042,173.646480578046,232.650906732594,259.333563622008,320.210022693178,355.92634326235
2002-07-01,99.4737843158198,118.565909076047,121.605973403726,162.913255925142,191.612046481369,192.465525155372,191.185613186234,271.344444570615
2002-08-01,52.2962549483854,110.174658905376,192.094849080847,346.471612312258,467.313203084885,410.459341678214,301.762239292026,369.278721437282
1982-10-01,3.27214378107071,19.6496266310962,54.8630034651532,89.4586046825084,170.508427678646,210.424873691924,213.907943754639,235.431589052659
1985-01-01,7.0160326880275,6.04048700347337,11.0764429466736,7.46209301361742,11.5038685598527,51.6081848326833,85.1503656202841,109.684974054341
2006-05-01,4.62906535665559,11.9225649193607,38.8711913137528,97.8262478614038,148.642404229391,185.961150494028,189.801127199172,237.204030906815
1995-05-01,0.260339869756032,1.6803084411356,13.2949496612372,28.1420000407585,35.8500415410059,73.6373869890862,110.686443166159,208.29586551479
1987-08-01,112.174013216979,223.682873329559,288.917717927254,334.114124836293,291.852096360852,266.834607763493,248.593221973846,279.696408274254
1993-02-01,7.36071895482688,3.60133116336709,5.83907718969284,3.48857364147439,2.69670548600249,0.504461435966461,5.33329778688946,24.3934108317668
2011-04-01,0.781071894993287,7.08909091584735,27.6678187981773,85.7662946242695,107.37418471795,126.605511957027,166.670487356658,199.07527125159
2007-05-01,11.7191764686232,14.2174188634018,25.662231592524,39.3210542161335,34.7755907244373,65.4337832686749,108.857897971299,134.406059452422
1989-06-01,5.07111111326399,25.3142370059119,51.4698658333529,91.1789921901023,183.743560822752,340.075744517306,346.003991027507,381.132106238865
2006-06-01,33.5308562319458,78.1705843875935,126.272416370827,248.163364581914,385.243045521259,461.294022438374,472.661211070448,549.414741732969
2012-06-01,17.2631503333599,95.1799512590681,162.316577252126,271.111008033457,318.641347710582,331.583856349296,379.060510198124,426.488863370831
1988-09-01,12.6859934536582,21.9381331193757,25.7074160947396,36.2806356208269,57.5177121249689,62.1121209809121,85.1340822385452,122.7150518235
1986-09-01,6.52691502244352,6.4409090898169,19.8931039814781,26.1767131365547,45.0317304566775,86.3481915098556,120.57009130276,201.646020430927
1994-11-01,0.0869477126796066,0.662662337679271,2.97575503262697,2.17564340312352,6.65830284349633,40.1350730848598,144.247989365461,215.058656194721
1980-09-01,14.8175228724207,51.3444155748788,68.4107045807294,94.1308528338292,93.0136354957365,91.4943683527886,106.089337275578,157.218940360294
1982-11-01,0.072862745305292,0.534139608395854,5.54184564075514,5.89782944640448,11.8571297668429,55.3923137971061,91.0528331532881,127.392919860761
2014-06-01,50.7488889098947,105.865746813935,116.844043571677,186.488790822584,273.414001769512,360.173443966723,367.154828829159,419.304741753472
2017-11-01,0.439183006113018,3.27545454770073,12.5101342002874,30.1578604476396,50.4661231231372,59.0208975786858,59.9932521985672,77.830620218617
1986-07-01,13.2828823569651,7.17053571841135,11.1259731495153,36.319922484908,83.7918136837875,152.246835221636,171.223107401143,255.349638088729
1987-03-01,13.4765555570243,14.0166720668604,19.2394127587744,20.8485581375832,56.347188094293,80.9672074343296,110.21515610485,174.425749372142
2016-04-01,50.2980129940447,125.095681704484,243.600235266973,257.698635556716,207.463394114261,162.562127534379,145.580852970492,172.403203860734
1983-06-01,24.1777450865049,106.585762915673,147.340872329353,212.603783138778,305.955515704417,326.590385670358,292.038050300732,333.02585298208
1996-07-01,23.2449085028148,31.6867694919687,29.1068959771499,64.1333642412526,82.1556239342332,79.8604321302252,65.9046459328738,136.966834741045
2010-12-01,0.42133987074584,0.907711039938323,9.74327181979714,8.05702326514924,27.614184706461,56.1107978250118,87.9300837985269,119.875284273803
1988-06-01,13.1833006333341,15.5785064887159,24.8530033231094,90.296697681634,261.218835338777,325.855771024176,318.742528637946,353.827829582747
1993-11-01,0.380679741000233,2.02144480564378,10.6191275395522,20.2715813710708,31.5377121542932,43.9245678376644,98.0331150760927,157.094005328432
1980-07-01,73.975013171302,126.372483717931,150.760352237113,217.400217088803,272.503028323765,262.591103898718,254.096603190182,349.986266360418
1989-11-01,1.69036601078666,0.427775974409631,2.12825502982776,4.33407751589782,9.57217136679989,17.66028589787,34.0324066943643,69.1565891532011
1981-06-01,6.01037255257758,20.8205681396769,35.9472986709752,72.5399688898131,118.576730471086,191.277234097745,248.149504917955,274.233979395194
2006-10-01,15.9245882284968,58.6073539659574,86.5550335557669,92.6875968873963,114.188028294314,137.807746009624,171.737814189275,226.675025999084
1982-09-01,33.2053986800579,86.7617695734098,196.663154282026,301.841751749201,299.46241275324,249.688444203519,214.622033490357,256.220167509961
2013-10-01,1.34043790902821,1.5013311701984,5.75984898560849,12.7633333244065,34.986530782379,56.3732048488678,57.1962147645159,95.246111197065
1981-12-01,0.126875816241783,0.361737011605269,1.11104027324375,0.441503879820654,2.01400166045186,20.310319161637,49.2908225012298,96.2135269450895
1984-07-01,347.133888882905,441.048603850526,437.633406107858,491.216713365658,481.272154619214,409.44305218027,346.325148641291,340.060503286909
1980-06-01,21.9449607758886,69.4228408398566,122.420755040726,176.574743971714,322.564034676195,376.861130481071,331.213168083941,354.877403298706
1997-12-01,1.40684967360344,4.25074676617786,11.0016275015003,6.54913180886313,10.49940930778,29.4154255434554,65.4326657500779,98.6793410895099
2000-02-01,2.65681045571208,5.91678571343035,21.5291442537068,37.4635192959808,88.8455989190227,150.473763260436,170.205453348269,210.76291979807
2007-03-01,6.42187582021153,20.4559415739465,23.0162751490638,23.9401085565257,29.9036854896292,27.7303257920641,32.3224676281827,58.4802712482383
1986-02-01,4.36006536320631,5.44795454532972,11.2165436020634,6.44471317321466,11.3429950151884,42.5295811079918,94.1770829885676,131.696860498236
2015-08-01,104.8209150252,149.163198099508,183.430134280416,246.857612148551,318.056231087734,347.263357669749,341.105605195881,434.725994691676
1992-03-01,26.2544117853825,16.3843344055697,10.785503363018,11.9925271318633,35.0655823836906,76.750651586563,90.7141507360105,130.210155053348
1985-05-01,3.91147058942276,23.7749999599023,60.0731039975314,139.926077625363,228.761946692443,362.500133392659,403.387418016258,479.349340631056
2002-05-01,120.453039151859,170.657499957394,230.794143894375,314.316511665758,325.123120020709,272.974946843817,266.702346069615,382.651486221826
1997-11-01,1.08188889164453,8.40693182348842,20.6135570388662,37.1877674738566,69.7996089557641,89.7012966668352,144.721553654318,217.209380364233
2016-06-01,67.4780000284606,79.5560553817006,76.1176174279027,56.9196124350378,30.7934109426775,13.0825664953532,27.6971134838945,53.0155942902084
2016-10-01,9.93149019236755,35.0525162467709,58.7169296597474,70.6118604379107,96.2868303689306,142.91821137895,162.821500361284,177.905012805949
2009-11-01,0.414215684208556,2.14926948719174,10.8416610956755,13.7426821710527,47.73947593059,106.987340333614,165.560837811763,227.832286716432
1980-01-01,4.79905227517673,5.80686687096324,4.23708053932982,1.4038914724578,0.248660565164876,1.30226064000299,13.7651713588498,65.3384754392836
1988-04-01,0.0784901969573077,1.20699675307404,6.46600670908771,10.6585426373075,24.4744426093363,60.2890292634355,83.8811652364389,129.034186045329
1998-06-01,29.6579019794277,31.6203571147733,43.4822483226757,67.6462170563927,87.2117803925881,129.217233916546,141.825110639585,234.708746720346
2012-07-01,0.650359477478938,4.88397728196986,15.8776174483683,21.9488837020342,38.3612478878256,68.0836702242811,129.112665686277,201.611020691943
2006-12-01,0.192071895062729,0.036087662365602,2.46062080039886,4.28040310865225,26.6998169687941,100.207998712012,124.247593399594,218.791576503783
2013-01-01,10.1557320413028,9.47602272818361,9.72288590112088,6.64505426047384,7.53121464446609,10.6103590521317,21.2867174428708,36.4191860678276
2001-03-01,16.3010588236421,13.5910389572382,20.694194598386,15.7369612593983,12.2191098280214,46.2443949169754,77.4346763976911,129.131744187624
2018-05-01,8.6255751657111,31.905860354374,43.6559731400253,68.4101860253386,100.797337705006,178.076276591484,211.323868808906,221.953682054229
2005-11-01,0.817398694861266,8.79362013723169,18.7718120841372,31.7576279159664,54.028843581379,92.4325465724823,203.042163099302,286.185711320981
2010-11-01,7.30850327213483,20.2482954697175,37.7329195041784,33.2630387949389,31.3104076504509,46.9503458059849,90.0793755553827,131.463074933035
2018-07-01,28.2687319987545,70.4168343048591,93.5695806157669,125.218279124415,125.304176098892,146.374581063047,155.946572843437,209.880555303214
1986-05-01,72.5670913683823,197.554253020844,246.067332222958,340.246403113077,389.671197875367,405.408823794507,411.965285232207,461.432687646043
1991-11-01,0.914614380713479,2.06417207023758,10.3092449906613,15.7679690139238,31.2632113098106,39.6909175622971,59.4595506977508,92.1213179398569
2003-11-01,1.84123529457165,15.1603896370182,37.1389932856464,56.9306977087213,77.1264642883656,98.8500598592961,125.280533220418,177.315387646973
2002-12-01,1.80452940993108,4.50620129930049,8.88984899614131,3.63361240503227,12.7068552189381,35.6247473625427,88.1687965756233,130.706731180196
2003-03-01,0.506555555093717,0.60816558461346,1.80543624644712,0.029147286799758,0.416206322697157,12.6666489291064,32.4174181421749,61.7044185421572
1996-12-01,0.358705882724448,6.51538959392286,9.7253691072032,10.4613023386445,12.0917720434174,18.0134640894038,38.2322467700816,73.7998062671001
1999-12-01,0.262405228171668,0.720389611810422,3.69221476497341,3.65531781838499,7.58076538198849,11.3219680824376,28.685255168325,64.7004004584418
1984-09-01,16.0715424976379,70.5072240086345,105.828020262238,144.462527371192,178.782645442918,200.384840620325,175.665171388625,232.428359236212
1994-08-01,7.41903268329288,10.1447727288325,13.4260235062782,16.2365736248419,18.2327620707617,51.9133044601755,99.903183526695,214.177842369375
1993-05-01,64.8296796465037,128.219091099578,182.707902601101,254.392356529532,314.23262907463,414.656316320947,482.666984099063,499.872338070734
2012-11-01,0.384385621587874,4.25141233832321,9.50540268590874,18.2185116403787,34.8946173082969,53.7237832343325,42.8846306651944,53.4153617617388
1980-02-01,9.99505228812204,13.1336201213591,22.6049328738411,26.0370232308558,64.1544509370394,166.664082413024,202.816031909951,229.069831818573
1992-06-01,135.654980440077,201.387045587812,227.50384196339,356.282946493459,418.121780420897,377.672919121194,388.678209989015,416.145736635193
2008-06-01,36.6656470382915,82.2289284792813,108.225687795037,143.816759609252,163.677578753124,177.41561836892,198.540205688941,227.212080578471
1988-11-01,2.40264051814679,11.4574674963951,13.809312069176,15.4885426336481,14.4802163107423,18.6197273820005,28.4258720546121,63.5820543254685
2014-11-01,0.608124184007056,6.09964283835748,15.5461577245053,27.0848682551421,22.1461314493527,12.7303922699586,41.1906930683046,77.6020155445858
1983-09-01,11.1381960762653,26.274318206765,50.929345587956,72.7093798881353,85.3901248430452,125.519494584266,165.941111823937,275.676420877146
2002-01-01,1.81670587761145,2.62379868889784,4.42268455718588,2.19220155671585,4.37056571910291,12.4875066436114,26.1323914901954,44.8331266644697
1986-06-01,39.8709607660673,168.134301860611,306.336610768465,389.64088331119,460.644409535133,460.39091100084,383.762573846496,447.372248213421
1999-11-01,0.797411766451071,0.0820129872904486,0.892315438136008,2.35265116329456,6.92079866738888,18.8341156745211,51.6431759495092,93.480529809799
2017-07-01,5.75417647103055,34.7345292828735,52.4967281810389,91.1665114410164,118.739101562246,155.942872326425,180.137113566809,238.171110887552
1989-09-01,13.6359019645386,27.4636363278736,56.9214764329411,46.0877984941468,42.4692844749489,45.3069348424039,68.1033054592949,96.4443799297323
1979-12-01,1.07107843166108,17.8997565046098,49.835100658788,52.6017209888429,84.6122378842803,119.269920191866,132.509535450293,200.633579195008
2011-05-01,1.51698693271751,0.865389608926224,6.3923657733522,15.5171007243238,43.9563062121586,59.057307207838,110.155788139814,181.413772878721
2019-12-01,0.28789542323234,0.165389611059195,3.60144295021204,6.19880621077478,11.3273128087504,14.0141223306034,27.3218583468708,62.170090478212
1999-02-01,0.502078432855166,0.241493506396383,1.03197986520077,6.32167442717351,11.5123544059409,24.8218018821579,37.6602437461685,62.8752714127533
2019-10-01,1.8723790825862,5.17167208235191,12.197718141113,13.2046511546586,28.1082612543852,68.8266887943795,94.3711576527162,135.68939284884
1984-01-01,5.00833986702746,2.76766232606749,4.34848994130719,0.593379843717282,7.38178037200433,25.3584242297158,37.2712414230178,87.7862529803924
1985-07-01,49.5834966995443,84.0358928643264,112.005771681766,183.935814104893,209.466530461875,215.913091791437,192.227295892255,242.183747244744
1990-02-01,2.57489542584696,1.02798701286945,3.49654363433287,2.3557209234858,8.0975707257151,33.7647739135205,53.40868999426,74.1477778038005
2001-01-01,1.20107843139958,0.248620130333372,2.41488254931912,6.13496124311242,46.3714641723379,85.1952593707024,120.167943726399,194.215387497145
1998-08-01,1.07414379224571,1.55352272606128,1.79963086989252,4.85488372828032,32.8239933353494,120.515691457911,191.766587744754,269.715568621337
2016-12-01,6.01689541918025,30.9171266509341,26.0644463085688,14.0306201333223,21.6207570809493,62.7744947583117,101.805994000402,145.72228716079
1986-12-01,0.846477127605988,0.366120128529509,3.48114094017199,6.09058915198485,6.33607320983378,18.0556183558829,29.1047372120714,38.8223513990102
1988-08-01,12.2089477266934,70.975957777593,122.956811789698,206.611876187583,288.475299346467,324.176336278307,298.611507953257,360.066472588275
1989-05-01,31.6573464086632,36.3567369905385,34.8248658212239,47.233612484895,45.5854824727863,65.4528655980496,90.8031073437333,119.75507756906
2014-04-01,0.954797382163359,2.04485389287886,11.6125000191496,17.5495658452081,49.3469967572344,91.3520679245604,108.177326652719,147.356305267768
1981-05-01,52.8052417888556,172.571444969673,259.639160770698,451.954588992097,643.367479524279,684.958503723145,639.461256737575,711.495025398195
2002-09-01,8.84639214126551,24.3403246743338,51.1104194221881,99.0243720446446,137.486938428958,149.366522758565,187.43627572332,251.987273509496
1999-05-01,15.6791111207184,25.9262174785911,32.0455369229285,57.0659535607626,102.079525857122,212.642706008668,182.423564361781,233.325543070948
1995-09-01,19.5731764794175,20.1187987319835,33.4518623648074,36.9719069680502,37.8980948064173,50.2361102941188,69.6712870659578,108.302829422076
1987-11-01,0.930189540144665,0.779594156449636,1.66010067590056,1.96178294461827,7.92748752461991,34.131529278974,77.4874639772588,105.228036264424
1994-09-01,1.69074510260443,11.812759719281,39.0680200885606,58.5512712729994,106.636530906309,212.574986544061,222.282391788573,281.604289249548
1984-06-01,34.2627973861944,62.7374512963481,110.598590486002,176.884620004107,232.185724001359,297.001136718912,340.199085697543,375.689172966536
1985-02-01,0.279366012686997,0.311298704403755,0.252080536885,0.138496122858668,0.73599833633887,3.47948803415304,25.3806778665544,76.4258784434592
1981-08-01,37.4849477210076,42.2319805606619,87.3718960157177,122.11651165393,152.432637260678,137.652978567367,131.086755428619,206.221188567406
2002-02-01,0.170045750916881,0.24112013013211,0.203892617336406,3.80787597491529,47.6046838629464,110.386103742934,67.6685834130711,82.1847415697359
1997-09-01,23.6829019913024,83.3545293591239,158.196845765082,191.391395497877,216.189384193865,195.956389462694,194.900304609823,226.713229965486
2006-04-01,0.405274511843287,4.68693182438418,17.7776510610476,44.8035038733667,71.7345341263516,156.48113698655,185.904371414126,236.720012418367
1990-07-01,28.7604706055978,51.2852598800288,57.0133556479576,102.938790668813,121.020382870057,140.487180978694,172.740350367364,256.015387227061
2000-08-01,2.7074705898153,12.6752272929706,25.8583557488109,28.8256589007932,67.4235773775324,211.007114831437,207.313701562816,214.250245629047
2011-10-01,6.47480392769904,7.83193182060495,11.3228523639225,14.127441851529,13.507329458033,30.8912832134582,46.8037471161121,73.044095544544
1991-03-01,0.0105163396987455,0.0946266233993622,0.176845637868915,0.202263565257538,0.910116472952502,21.6535771186464,68.5504798918213,98.8019250726823
1998-02-01,12.4481699436538,17.1707954681539,24.2767281834311,16.8261085199755,15.404792025487,13.0871210007215,16.7967250733909,21.208953481928
2002-11-01,0.0649934640543815,0.871233766390519,4.81248320489434,8.06877518206142,28.7712063035632,104.193477265378,174.743861544886,249.310529694077
1979-04-01,10.1736993619673,11.7457792251552,13.7223490173835,12.9891937913821,21.8806073076515,39.1364826813657,43.6179207847578,73.5481266149871
2011-11-01,0.0526797385959356,1.03076298901654,6.52964764328411,13.8916123813437,28.714034961583,46.8457047894914,71.5758186799374,122.491925089242
1987-10-01,12.3343268030804,29.2608442058811,54.1413925734142,75.2540619073912,87.9300250070861,102.147765876131,122.790670184261,182.266602232783
1997-06-01,260.333065511666,369.651639715418,417.069379256076,489.97463620208,532.569401085674,505.881928443909,501.526435451115,502.273410373264
1986-01-01,0.157960784050569,0.0286038959392818,0.857651006674157,1.14034109053801,3.41963394904841,17.4802326988825,38.9836405204256,76.6280620560165
1987-01-01,1.71718954061785,1.10261363744155,0.643422819170851,0.0200465115408103,0.0296921795156603,0.271090425471676,5.80921553515511,26.8056330175671
1983-07-01,113.785496804605,157.110471168122,184.828473263939,215.065178508906,256.860515892803,264.963138012176,264.500068583202,324.252738656924
2007-09-01,0.298261437787875,0.18524350752667,0.966006711172252,4.96187597469882,35.5317803742287,78.5448138282654,99.3599390551414,183.005374938019
2008-05-01,48.6194379201902,139.124253093422,262.620620561126,342.108635741241,474.844151285841,460.34118409867,359.784745436448,418.008604537609
2003-06-01,19.7723594902242,68.3717530826469,110.00593957965,189.367534797136,317.346672191398,472.737134162416,564.761576644537,642.54413476594
1997-05-01,29.6475751433789,123.544658899307,151.63283572741,187.489317830404,170.502687216202,178.662958799525,186.396131057914,192.745129065304
2010-07-01,14.9887058775921,47.1942857736117,55.0125000348827,119.812914642807,184.741414550934,278.18601730022,292.568332006799,332.429302402861
2012-10-01,7.24687582202913,38.2189123156396,54.8314596278555,93.2738294911939,94.5903327580101,66.456535963302,77.2774486033315,91.4800259198329
2019-09-01,7.36109804581437,5.73993505626711,17.4579194475797,42.6625581778297,78.2447088752531,90.7171675321904,100.461827899151,128.256227370072
1995-04-01,8.49727450565624,28.7488311064708,56.329647552247,113.727984400313,156.527978309974,191.420053233492,200.928789114099,263.820710923937
1987-12-01,0.822895426252017,0.800000004818082,6.29392616606424,7.18189150658689,12.1434192840946,18.6133843036827,45.8078369742936,81.3732428316614
2002-10-01,0.595941176741487,5.60972403528096,25.2029362462911,50.7308837269628,136.989267904628,290.022665911532,379.948278643571,491.7312275889
2004-02-01,3.45383007256375,2.70662337836096,5.80394295123312,1.60072867636995,4.12069883522347,17.8990425746492,36.7809520192666,56.8941472051064
2014-01-01,3.52467320647237,2.37876622956972,7.27827181044541,4.80475968850213,7.83152246846819,33.6840026451552,96.7079664188219,130.212945686754
2015-11-01,2.684032674611,10.9874999931856,20.3234899478071,24.1928837473078,17.1487687187465,26.5828856381964,52.9540137169657,104.420297090397
1991-05-01,34.5214378882565,88.5421591052761,169.42003365331,269.595349109265,495.973551999313,526.337732517973,475.144592459476,434.388940362659
2006-11-01,0.508758171252127,0.218977272268627,3.71003354588311,3.64150388750226,4.48749583880239,16.7155518807629,47.3161843024586,89.5962920127297
2000-04-01,11.0286078478289,17.4787337493587,23.4468959713942,28.4652867812519,33.4831697318003,72.4854786852573,110.329839972259,141.722545406923
1994-01-01,0.763071891731199,0.0979870136936086,0.298120804156033,0.120899225003267,1.82710482057853,14.3377792508567,26.4680807265437,50.5147415365668
1979-02-01,1.1798039215976,2.43219155546084,3.9978523445972,4.34631007071151,16.3476372689563,17.6806116898326,18.0850723407147,34.0750387213951
1995-08-01,7.30309151858578,46.4161688693158,68.7465100160381,98.7452556580536,160.490665569083,293.588131838656,341.328377891477,376.000310715471
2003-02-01,0.535071895713461,0.202159091322259,0.633640940332373,0.0943410854757756,0.00237936776026017,1.56800531674464,13.9053160617283,43.4663049010343
2009-02-01,2.94849019935659,3.21647726301733,7.4334228361313,3.72396899346233,9.10366056881808,27.4171409876423,50.338591030147,69.9637854918645
2013-02-01,2.66233332991917,3.32974025517303,10.5723154322063,12.1393488131175,39.1048669912256,49.4397340708591,84.5713861484339,161.760891522548
2011-02-01,3.35353595347819,8.93948053161601,11.2900839073477,8.18396899509569,17.0412395888081,27.1683776716286,43.0382863572782,52.9951162510756
1987-05-01,55.8695555176075,80.8390260841939,98.9127852292669,125.562527039994,122.209475887,170.20402259015,191.509162205553,225.889703035971
2011-08-01,19.278980382314,55.5012662720371,96.086745018927,169.480868352846,295.160773907247,331.959042518697,313.061911508135,371.835219351204
2017-06-01,56.6655359976237,102.619642932694,116.962030103543,210.423225047976,313.703660187428,321.583936041974,317.923915040829,376.987441661746
1996-02-01,0.122522876445764,0.0953246751775989,0.112567113709305,0.453224809173235,6.65709650940487,30.7568816514091,74.3944936506819,106.614974083518
2013-08-01,9.66369934635225,30.0235552075621,59.3566778074175,79.5940775730813,119.709534310263,190.263603895269,241.978179437735,327.232467927366
1983-04-01,3.57167320169655,7.7099026098799,23.5608053974457,33.3325581114422,41.6035108566284,100.420246131877,161.878050247041,199.589496139408
1987-04-01,2.3320653631431,6.92517857176143,15.903137550033,21.2720000077588,24.3881697123142,57.0665226109484,115.673983371267,210.421576260904
2011-07-01,36.6916013256068,59.6144643727835,65.5617450419688,101.520526986529,165.106971639167,218.76686206777,219.426953527098,323.101628049708
2018-06-01,42.6826405095119,64.7041558476238,68.406946207853,111.368930148339,149.527878480426,205.793430609906,279.012086599543,339.021757101212
2003-07-01,30.3218039229025,53.2779868980507,76.3919127483496,106.279984407647,141.669509341832,168.509042607977,216.957722695112,247.704586709193
2015-09-01,16.3932156849604,48.6206006322588,80.2461073510599,118.26671322963,138.591905292378,142.949514526002,167.853328353289,186.367609521831
2005-01-01,4.25405228012941,7.52137985932278,18.4659899266424,14.4322015334469,9.3355490876464,13.4660039897612,37.1632978345997,72.1843152428166
1987-09-01,3.55406535789249,20.8928408957534,51.6779027577215,87.0489301785018,117.396647185137,134.886024013479,139.274470704798,198.224896847432
2015-10-01,40.0684248627352,57.6072402898367,91.4798993424281,117.399147311662,135.376297771435,119.415565267522,110.72101319045,113.122829481613
2019-06-01,18.4063333458468,58.8495129486183,82.6409562418125,139.83382962249,204.119475734412,373.398517446315,386.013137491986,418.001731202276
2004-12-01,0.0505555555321812,0.438538960779884,5.34699664652448,13.84141081396,44.7987437549724,33.314474705686,52.0803351870767,115.730697750121
1998-04-01,26.984346431299,45.8000325041932,67.6895639400354,73.3631627193717,71.4755241010034,74.3459042259987,78.0636481280011,116.467493431821
1991-10-01,2.24445752138089,17.2699675234518,36.3325503320502,52.3535502618597,80.4640016857281,82.2427858773698,77.1351485096219,109.656628000028
2011-03-01,1.55306535991384,4.6842694940747,9.45006713681173,21.8324031290158,36.2300333207142,59.2008909805024,90.1667936954077,158.491136910687
2018-03-01,0.0833333334392485,1.50115259712586,3.83914430114447,17.9000465452209,41.1661397557885,87.3818485407119,144.213396774025,250.52572298666
1988-10-01,0,0.0198863637603384,4.62171140160637,8.26099224105593,27.6169800285789,69.5724600965672,133.732635383286,181.879767425301
2019-08-01,0,0.43099025896956,4.50974832303297,9.90080620304559,49.2855574215906,108.404827183865,155.448370068471,233.621020344185
2015-06-01,0,0.325714282401196,4.88870805442558,33.1526356809823,117.695499126606,255.274275074614,343.280204987944,386.836253065163
2016-09-01,0,0.0358603897069085,1.06697986523102,3.09096124396306,18.7369966790725,45.6468018902109,74.4993070194218,119.11441859164
1982-04-01,0,0.0196103894502505,6.84860741857114,16.8917518974275,28.9049334228535,41.0352991768654,47.8707692697587,89.8754264279545
